,z0_spring,z0_summer,z0_autumn,z0_winter,alb_spring,alb_summer,alb_autumn,alb_winter,bo_spring,bo_summer,bo_autumn,bo_winter,Sectors
0,0.9818910089112101,0.98294749725369,0.9810458182372261,0.9810458182372261,0.13898655208229493,0.1556033259305189,0.17350541188617064,0.17350541188617064,0.476884243090833,0.8992229319860737,0.9586846947052574,0.9586846947052574,90.0
1,1.0,1.0,1.0,1.0,0.13898655208229493,0.1556033259305189,0.17350541188617064,0.17350541188617064,0.476884243090833,0.8992229319860737,0.9586846947052574,0.9586846947052574,135.0
2,1.0,1.0,1.0,1.0,0.13898655208229493,0.1556033259305189,0.17350541188617064,0.17350541188617064,0.476884243090833,0.8992229319860737,0.9586846947052574,0.9586846947052574,180.0
3,0.9941205881879744,0.9944300309149232,0.9938730340064155,0.9938730340064155,0.13898655208229493,0.1556033259305189,0.17350541188617064,0.17350541188617064,0.476884243090833,0.8992229319860737,0.9586846947052574,0.9586846947052574,225.0
4,0.9769794560406034,0.9779440738091548,0.9762077618257622,0.9762077618257622,0.13898655208229493,0.1556033259305189,0.17350541188617064,0.17350541188617064,0.476884243090833,0.8992229319860737,0.9586846947052574,0.9586846947052574,270.0
5,1.0,1.0,1.0,1.0,0.13898655208229493,0.1556033259305189,0.17350541188617064,0.17350541188617064,0.476884243090833,0.8992229319860737,0.9586846947052574,0.9586846947052574,315.0
6,0.9648341417165016,0.9673071241125515,0.9628557557996617,0.9628557557996617,0.13898655208229493,0.1556033259305189,0.17350541188617064,0.17350541188617064,0.476884243090833,0.8992229319860737,0.9586846947052574,0.9586846947052574,45.0
7,0.9823822849337325,0.9834304851427933,0.9815437247664839,0.9815437247664839,0.13898655208229493,0.1556033259305189,0.17350541188617064,0.17350541188617064,0.476884243090833,0.8992229319860737,0.9586846947052574,0.9586846947052574,0.0
